plot,type,tree,dbh,family,genus,species
A,logged,A1,32.4,DIPTEROCARPACEAE,Shorea,Shorea_angustifolia
A,logged,A2,35,DIPTEROCARPACEAE,Dipterocarpus,Dipterocarpus_caudiferus
A,logged,A3,32.5,DIPTEROCARPACEAE,Shorea,Shorea_johorensis
A,logged,A4,42.9,DIPTEROCARPACEAE,Shorea,Shorea_parvifolia
A,logged,A5,33.5,DIPTEROCARPACEAE,Shorea,Shorea_parvifolia
A,logged,A6,45,FAGACEAE,Lithocarpus,Lithocarpus_gracilis
A,logged,A7,33.6,DIPTEROCARPACEAE,Shorea,Shorea_parvifolia
A,logged,A8,35.3,DIPTEROCARPACEAE,Shorea,Shorea_parvifolia
A,logged,A9,55,DIPTEROCARPACEAE,Dipterocarpus,Dipterocarpus_caudiferus
A,logged,A10,40,DILLENIACEAE,Dillenia,Dillenia_excelsa
A,logged,A11,40,SAPOTACEAE,Madhuca,Madhuca_kingiana
A,logged,A12,35,DIPTEROCARPACEAE,Shorea,Shorea_parvifolia
A,logged,A13,30,EUPHORBIACEAE,Macaranga ,Macaranga _gigantea
A,logged,A14,45,FAGACEAE,Lithocarpus,Lithocarpus_sp.4
A,logged,A15,38.4,DIPTEROCARPACEAE,Vatica,Vatica_dulitensis
A,logged,A16,32.4,EUPHORBIACEAE,Macaranga ,Macaranga _pearsonii
A,logged,A17,32.3,DIPTEROCARPACEAE,Vatica,Vatica_dulitensis
A,logged,A18,84.7,DIPTEROCARPACEAE,Shorea,Shorea_macrophylla
A,logged,A19,40,DIPTEROCARPACEAE,Vatica,Vatica_dulitensis
A,logged,A20,37.5,MYRTACEAE,Eugenia,Eugenia_kunstleri
A,logged,A21,35.3,MYRISTICACEAE,Knema,Knema_latericia
A,logged,A22,46.4,DIPTEROCARPACEAE,Shorea,Shorea_johorensis
A,logged,A23,34.6,DIPTEROCARPACEAE,Shorea,Shorea_parvifolia
A,logged,A24,30.1,DIPTEROCARPACEAE,Shorea,Shorea_parvifolia
A,logged,A25,33.6,DIPTEROCARPACEAE,Shorea,Shorea_angustifolia
A,logged,A26,41.3,ANACARDIACEAE,Mangifera,Mangifera_caesia
A,logged,A27,65,DIPTEROCARPACEAE,Dipterocarpus,Dipterocarpus_conformis
A,logged,A28,43.7,DIPTEROCARPACEAE,Shorea,Shorea_angustifolia
A,logged,A29,44.8,DIPTEROCARPACEAE,Parashorea,Parashorea_malaanonan
A,logged,A30,34.7,FAGACEAE,Castanopsis,Castanopsis_motleyana
A,logged,A31,38.5,DIPTEROCARPACEAE,Shorea,Shorea_parvifolia
A,logged,A32,30.4,EUPHORBIACEAE,Cleistanthus,Cleistanthus_paxii
A,logged,A33,42.1,DIPTEROCARPACEAE,Shorea,Shorea_fallax
A,logged,A34,30.4,EUPHORBIACEAE,Macaranga ,Macaranga _gigantea
A,logged,A35,70,DIPTEROCARPACEAE,Shorea,Shorea_johorensis
A,logged,A36,70,DIPTEROCARPACEAE,Shorea,Shorea_fallax
A,logged,A37,34.9,DIPTEROCARPACEAE,Shorea,Shorea_johorensis
A,logged,A38,42,DIPTEROCARPACEAE,Shorea,Shorea_johorensis
A,logged,A39,49.8,DIPTEROCARPACEAE,Dryobalanops,Dryobalanops_lanceolata
A,logged,A40,34.5,DIPTEROCARPACEAE,Parashorea,Parashorea_malaanonan
A,logged,A41,33.7,DIPTEROCARPACEAE,Shorea,Shorea_johorensis
A,logged,A42,38.9,DIPTEROCARPACEAE,Shorea,Shorea_johorensis
A,logged,A43,38.3,DIPTEROCARPACEAE,Shorea,Shorea_parvifolia
A,logged,A44,61,DIPTEROCARPACEAE,Parashorea,Parashorea_malaanonan
A,logged,A45,45,FAGACEAE,Castanopsis,Castanopsis_motleyana
A,logged,A46,45,EUPHORBIACEAE,Macaranga ,Macaranga _gigantea
A,logged,A47,60,DIPTEROCARPACEAE,Dipterocarpus,Dipterocarpus_conformis
A,logged,A48,65,DIPTEROCARPACEAE,Shorea,Shorea_macrophylla
A,logged,A49,70,DIPTEROCARPACEAE,Shorea,Shorea_fallax
A,logged,A50,38.7,DIPTEROCARPACEAE,Shorea,Shorea_fallax
A,logged,A51,60,FAGACEAE,Lithocarpus,Lithocarpus_gracilis
A,logged,A52,65,DIPTEROCARPACEAE,Shorea,Shorea_johorensis
A,logged,A53,75,DIPTEROCARPACEAE,Shorea,Shorea_macrophylla
A,logged,A54,40,DIPTEROCARPACEAE,Shorea,Shorea_agami
A,logged,A55,46.5,EUPHORBIACEAE,Macaranga ,Macaranga _pearsonii
A,logged,A56,52.5,DIPTEROCARPACEAE,Dipterocarpus,Dipterocarpus_caudiferus
A,logged,A57,80,DIPTEROCARPACEAE,Shorea,Shorea_macrophylla
A,logged,A58,30.6,LECYTHIDACEAE,Barringtonia,Barringtonia_sarcostachys
A,logged,A59,35.3,DIPTEROCARPACEAE,Shorea,Shorea_parvifolia
A,logged,A60,35,FAGACEAE,Lithocarpus,Lithocarpus_gracilis
B,logged,B1,45,ALANGIACEAE,Alangium,Alangium_javanicum
B,logged,B2,37.9,EUPHORBIACEAE,Macaranga ,Macaranga _pearsonii
B,logged,B3,50,MYRTACEAE,Eugenia,Eugenia_fastigiata
B,logged,B4,41.7,EUPHORBIACEAE,Macaranga ,Macaranga _hypoleuca
B,logged,B5,41.3,EUPHORBIACEAE,Macaranga ,Macaranga _pearsonii
B,logged,B6,42.7,EUPHORBIACEAE,Macaranga ,Macaranga _hypoleuca
B,logged,B7,33.4,EUPHORBIACEAE,Macaranga ,Macaranga _pearsonii
B,logged,B8,38,EUPHORBIACEAE,Macaranga ,Macaranga _gigantea
B,logged,B9,41.5,DILLENIACEAE,Dillenia,Dillenia_excelsa
B,logged,B10,47.9,DIPTEROCARPACEAE,Dipterocarpus,Dipterocarpus_caudiferus
B,logged,B11,55,LAURACEAE,Nothaphoebe,Nothaphoebe_sp.3
B,logged,B12,48.7,FAGACEAE,Lithocarpus,Lithocarpus_sp.4
B,logged,B13,60,VERBENACEAE (LAMIACEAE),Vitex,Vitex_qurmaea
B,logged,B14,35,LAURACEAE,Litsea,Litsea_sp.8
B,logged,B15,63.7,DIPTEROCARPACEAE,Shorea,Shorea_gibbosa
B,logged,B16,55.4,DIPTEROCARPACEAE,Dipterocarpus,Dipterocarpus_caudiferus
B,logged,B17,33.6,EUPHORBIACEAE,Macaranga ,Macaranga _gigantea
B,logged,B18,30,MYRTACEAE,Eugenia,Eugenia_lineata
B,logged,B19,55,DIPTEROCARPACEAE,Shorea,Shorea_fallax
B,logged,B20,45.4,EUPHORBIACEAE,Macaranga ,Macaranga _hypoleuca
B,logged,B21,36.2,EUPHORBIACEAE,Macaranga ,Macaranga _gigantea
B,logged,B22,33.7,EUPHORBIACEAE,Macaranga ,Macaranga _pearsonii
B,logged,B23,31.5,EUPHORBIACEAE,Macaranga ,Macaranga _pearsonii
B,logged,B24,42.1,EUPHORBIACEAE,Macaranga ,Macaranga _pearsonii
B,logged,B25,46.6,EUPHORBIACEAE,Macaranga ,Macaranga _pearsonii
B,logged,B26,34.6,FABACEAE (LEGUMINOSAE),Peltophorum,Peltophorum_racemosum
B,logged,B27,38.8,EUPHORBIACEAE,Macaranga ,Macaranga _gigantea
B,logged,B28,60,DIPTEROCARPACEAE,Shorea,Shorea_parvifolia
B,logged,B29,41.2,DIPTEROCARPACEAE,Shorea,Shorea_parvifolia
B,logged,B30,65,DIPTEROCARPACEAE,Shorea,Shorea_fallax
B,logged,B31,43.5,DIPTEROCARPACEAE,Shorea,Shorea_gibbosa
B,logged,B32,39.4,DIPTEROCARPACEAE,Hopea,Hopea_nervosa
B,logged,B33,31.5,DIPTEROCARPACEAE,Dipterocarpus,Dipterocarpus_caudiferus
B,logged,B34,38.5,FABACEAE (LEGUMINOSAE),Sympetalandra,Sympetalandra_borneensis
B,logged,B35,51.2,DIPTEROCARPACEAE,Shorea,Shorea_macrophylla
B,logged,B36,68.5,FABACEAE (LEGUMINOSAE),Dialium,Dialium_indum
B,logged,B37,70,EUPHORBIACEAE,Macaranga ,Macaranga _hypoleuca
B,logged,B38,40.2,EUPHORBIACEAE,Macaranga ,Macaranga _pearsonii
B,logged,B39,38.5,EUPHORBIACEAE,Macaranga ,Macaranga _pearsonii
B,logged,B40,45,VERBENACEAE,Teijsmanniodendron,Teijsmanniodendron_bogoriense
B,logged,B41,30,LAURACEAE,Nothaphoebe,Nothaphoebe_sp.3
B,logged,B42,35,ALANGIACEAE,Alangium,Alangium_javanicum
B,logged,B43,30,EUPHORBIACEAE,Macaranga ,Macaranga _gigantea
B,logged,B44,40.1,SAPOTACEAE,Madhuca,Madhuca_korthalsii
B,logged,B45,45,DIPTEROCARPACEAE,Shorea,Shorea_macrophylla
B,logged,B46,35.4,EUPHORBIACEAE,Macaranga ,Macaranga _gigantea
B,logged,B47,35.8,DIPTEROCARPACEAE,Vatica,Vatica_dulitensis
B,logged,B48,30,SALICACEAE (FLACOURTIACEAE),Ryparosa,Ryparosa_hullettii
B,logged,B49,39,EUPHORBIACEAE,Macaranga ,Macaranga _pearsonii
B,logged,B50,33.2,EUPHORBIACEAE,Macaranga ,Macaranga _hypoleuca
B,logged,B51,31.1,EUPHORBIACEAE,Macaranga ,Macaranga _hypoleuca
B,logged,B52,34.4,EUPHORBIACEAE,Macaranga ,Macaranga _hypoleuca
B,logged,B53,34.5,EUPHORBIACEAE,Macaranga ,Macaranga _hypoleuca
B,logged,B54,38.3,EUPHORBIACEAE,Macaranga ,Macaranga _hypoleuca
B,logged,B55,40.5,EUPHORBIACEAE,Macaranga ,Macaranga _hypoleuca
B,logged,B56,35,LAURACEAE,Dehaasia,Dehaasia_caesia
B,logged,B57,30.3,EUPHORBIACEAE,Macaranga ,Macaranga _hypoleuca
B,logged,B58,40.3,DIPTEROCARPACEAE,Shorea,Shorea_parvifolia
C,logged,C1,47.2,EUPHORBIACEAE,Macaranga ,Macaranga _hypoleuca
C,logged,C2,38.4,EUPHORBIACEAE,Macaranga ,Macaranga _hypoleuca
C,logged,C3,33.3,EUPHORBIACEAE,Macaranga ,Macaranga _hypoleuca
C,logged,C4,40,EUPHORBIACEAE,Macaranga ,Macaranga _pearsonii
C,logged,C5,39.9,EUPHORBIACEAE,Macaranga ,Macaranga _hypoleuca
C,logged,C6,35,EUPHORBIACEAE,Macaranga ,Macaranga _hypoleuca
C,logged,C7,36.9,EUPHORBIACEAE,Macaranga ,Macaranga _hypoleuca
C,logged,C8,38.5,EUPHORBIACEAE,Macaranga ,Macaranga _hypoleuca
C,logged,C9,42.5,EUPHORBIACEAE,Macaranga ,Macaranga _pearsonii
C,logged,C10,31.5,EUPHORBIACEAE,Macaranga ,Macaranga _hypoleuca
C,logged,C11,42.4,EUPHORBIACEAE,Macaranga ,Macaranga _hypoleuca
C,logged,C12,30,EUPHORBIACEAE,Macaranga ,Macaranga _hypoleuca
C,logged,C13,95,DIPTEROCARPACEAE,Shorea,Shorea_argentifolia
C,logged,C14,36.6,DIPTEROCARPACEAE,Anisoptera,Anisoptera_grossivenia
C,logged,C15,44,EUPHORBIACEAE,Macaranga ,Macaranga _hypoleuca
C,logged,C16,30,EUPHORBIACEAE,Macaranga ,Macaranga _pearsonii
C,logged,C17,34.3,EUPHORBIACEAE,Macaranga ,Macaranga _gigantea
C,logged,C18,36.8,EUPHORBIACEAE,Macaranga ,Macaranga _hypoleuca
C,logged,C19,71.1,DIPTEROCARPACEAE,Parashorea,Parashorea_tomentella
C,logged,C20,55,FAGACEAE,Lithocarpus,Lithocarpus_sp.4
C,logged,C21,34,EUPHORBIACEAE,Macaranga ,Macaranga _hypoleuca
C,logged,C22,32.9,EUPHORBIACEAE,Macaranga ,Macaranga _pearsonii
C,logged,C23,69.1,DIPTEROCARPACEAE,Anisoptera,Anisoptera_grossivenia
C,logged,C24,39.9,DIPTEROCARPACEAE,Anisoptera,Anisoptera_grossivenia
C,logged,C25,34.5,EUPHORBIACEAE,Macaranga ,Macaranga _pearsonii
C,logged,C26,32.2,EUPHORBIACEAE,Macaranga ,Macaranga _hypoleuca
C,logged,C27,40.3,EUPHORBIACEAE,Macaranga ,Macaranga _hypoleuca
C,logged,C28,70,DIPTEROCARPACEAE,Parashorea,Parashorea_malaanonan
C,logged,C29,35.4,EUPHORBIACEAE,Macaranga ,Macaranga _hypoleuca
C,logged,C30,50,MYRTACEAE,Eugenia,Eugenia_sp.6
C,logged,C31,46,EUPHORBIACEAE,Baccaurea,Baccaurea_macrocarpa
C,logged,C32,37.8,DIPTEROCARPACEAE,Vatica,Vatica_albiramis
C,logged,C33,36.4,ANNONACEAE,Neo-uvaria,Neo-uvaria_accuminatissima
C,logged,C34,65,DIPTEROCARPACEAE,Parashorea,Parashorea_malaanonan
C,logged,C35,55.2,DIPTEROCARPACEAE,Parashorea,Parashorea_malaanonan
C,logged,C36,41.1,SAPOTACEAE,Madhuca,Madhuca_korthalsii
C,logged,C37,61.2,OLACACEAE,Scorodocarpus,Scorodocarpus_borneensis
C,logged,C38,57.6,DIPTEROCARPACEAE,Shorea,Shorea_parvifolia
C,logged,C39,71.8,DIPTEROCARPACEAE,Shorea,Shorea_johorensis
C,logged,C40,41.2,EUPHORBIACEAE,Macaranga ,Macaranga _pearsonii
C,logged,C41,47.3,EUPHORBIACEAE,Macaranga ,Macaranga _gigantea
C,logged,C42,70,DIPTEROCARPACEAE,Shorea,Shorea_parvifolia
C,logged,C43,37.9,EUPHORBIACEAE,Macaranga ,Macaranga _hypoleuca
C,logged,C44,65,DIPTEROCARPACEAE,Parashorea,Parashorea_malaanonan
C,logged,C45,40,EUPHORBIACEAE,Macaranga ,Macaranga _hypoleuca
C,logged,C46,40.7,EUPHORBIACEAE,Macaranga ,Macaranga _hypoleuca
C,logged,C47,31.9,LAURACEAE,Litsea,Litsea_sp.2
C,logged,C48,43.3,EUPHORBIACEAE,Macaranga ,Macaranga _pearsonii
C,logged,C49,32.5,EUPHORBIACEAE,Endospermum,Endospermum_diadenum
C,logged,C50,42.4,MALVACEAE (TILIACEAE),Pentace,Pentace_laxiflora
C,logged,C51,35,MYRTACEAE,Eugenia,Eugenia_sp.16
C,logged,C52,40,FAGACEAE,Lithocarpus,Lithocarpus_nieuwenhuisii
C,logged,C53,33.4,BURSERACEAE,Canarium,Canarium_denticulatum
C,logged,C54,70.9,DIPTEROCARPACEAE,Shorea,Shorea_agami
C,logged,C55,33,LECYTHIDACEAE,Barringtonia,Barringtonia_lanceolata
C,logged,C56,34.6,EUPHORBIACEAE,Macaranga ,Macaranga _pearsonii
C,logged,C57,31.5,EUPHORBIACEAE,Macaranga ,Macaranga _gigantea
C,logged,C58,33.3,DIPTEROCARPACEAE,Shorea,Shorea_johorensis
C,logged,C59,33.9,DIPTEROCARPACEAE,Shorea,Shorea_parvifolia
C,logged,C60,75,DIPTEROCARPACEAE,Parashorea,Parashorea_malaanonan
C,logged,C61,33.6,EUPHORBIACEAE,Macaranga ,Macaranga _hypoleuca
C,logged,C62,33.9,EUPHORBIACEAE,Macaranga ,Macaranga _hypoleuca
D,logged,D1,50,FAGACEAE,Lithocarpus,Lithocarpus_sp.2
D,logged,D2,50.5,DIPTEROCARPACEAE,Shorea,Shorea_macrophylla
D,logged,D3,75,DIPTEROCARPACEAE,Shorea,Shorea_macrophylla
D,logged,D4,80,DIPTEROCARPACEAE,Shorea,Shorea_superba
D,logged,D5,60,FAGACEAE,Lithocarpus,Lithocarpus_sp.2
D,logged,D6,45,FABACEAE (LEGUMINOSAE),Peltophorum,Peltophorum_racemosum
D,logged,D7,55,DIPTEROCARPACEAE,Parashorea,Parashorea_tomentella
D,logged,D8,35,EUPHORBIACEAE,Macaranga ,Macaranga _hypoleuca
D,logged,D9,39.5,MYRISTICACEAE,Horsfielda,Horsfielda_sp.1
D,logged,D10,67,DIPTEROCARPACEAE,Shorea,Shorea_parvifolia
D,logged,D11,36,MALVACEAE (TILIACEAE),Pentace,Pentace_laxiflora
D,logged,D12,35,MALVACEAE (TILIACEAE),Pentace,Pentace_laxiflora
D,logged,D13,35,DIPTEROCARPACEAE,Shorea,Shorea_johorensis
D,logged,D14,130,FABACEAE (LEGUMINOSAE),Koompassia,Koompassia_excelsa
D,logged,D15,55,DIPTEROCARPACEAE,Shorea,Shorea_johorensis
D,logged,D16,34.9,ALANGIACEAE,Alangium,Alangium_javanicum
D,logged,D17,35,DIPTEROCARPACEAE,Hopea,Hopea_nervosa
D,logged,D18,34.7,COMBRETACEAE,Terminalia,Terminalia_subspathulata
D,logged,D19,30,MELIACEAE,Aglaia,Aglaia_elliptica
D,logged,D20,43.5,DIPTEROCARPACEAE,Shorea,Shorea_macrophylla
D,logged,D21,31.7,DIPTEROCARPACEAE,Parashorea,Parashorea_malaanonan
D,logged,D22,54.7,DIPTEROCARPACEAE,Shorea,Shorea_macrophylla
D,logged,D23,85,DIPTEROCARPACEAE,Shorea,Shorea_macrophylla
D,logged,D24,40,DIPTEROCARPACEAE,Shorea,Shorea_acuminatissima
D,logged,D25,32.2,EUPHORBIACEAE,Macaranga ,Macaranga _hypoleuca
D,logged,D26,90,DIPTEROCARPACEAE,Shorea,Shorea_macrophylla
D,logged,D27,34.4,DIPTEROCARPACEAE,Shorea,Shorea_macrophylla
D,logged,D28,75,DIPTEROCARPACEAE,Shorea,Shorea_macrophylla
D,logged,D29,63,CHRYSOBALANACEAE,Parinari,Parinari_oblongifolia
D,logged,D30,44.9,DIPTEROCARPACEAE,Shorea,Shorea_johorensis
D,logged,D31,48.3,DIPTEROCARPACEAE,Shorea,Shorea_johorensis
D,logged,D32,31.5,EUPHORBIACEAE,Macaranga ,Macaranga _hypoleuca
D,logged,D33,45,DIPTEROCARPACEAE,Parashorea,Parashorea_tomentella
D,logged,D34,37.9,MELIACEAE,Aglaia,Aglaia_elliptica
D,logged,D35,42.3,DIPTEROCARPACEAE,Shorea,Shorea_leprosula
D,logged,D36,75,DIPTEROCARPACEAE,Shorea,Shorea_superba
D,logged,D37,42.5,DIPTEROCARPACEAE,Shorea,Shorea_parvifolia
D,logged,D38,40.3,MALVACEAE (TILIACEAE),Pentace,Pentace_laxiflora
D,logged,D39,32.5,DIPTEROCARPACEAE,Shorea,Shorea_leprosula
D,logged,D40,70,DIPTEROCARPACEAE,Shorea,Shorea_johorensis
D,logged,D41,40,MYRTACEAE,Eugenia,Eugenia_sp.1
D,logged,D42,50.8,DIPTEROCARPACEAE,Parashorea,Parashorea_malaanonan
D,logged,D43,40,MORACEAE,Ficus,Ficus_benjamina
D,logged,D44,30,MYRTACEAE,Eugenia,Eugenia_kunstleri
D,logged,D45,43.5,DIPTEROCARPACEAE,Shorea,Shorea_superba
D,logged,D46,55,MALVACEAE (BOMBACACEAE),Durio,Durio_kutejensis
D,logged,D47,55.1,DIPTEROCARPACEAE,Shorea,Shorea_superba
D,logged,D48,47.9,DIPTEROCARPACEAE,Shorea,Shorea_parvifolia
D,logged,D49,36.2,EUPHORBIACEAE,Macaranga ,Macaranga _hypoleuca
D,logged,D50,33.2,EUPHORBIACEAE,Macaranga ,Macaranga _hypoleuca
D,logged,D51,33.8,EUPHORBIACEAE,Macaranga ,Macaranga _hypoleuca
D,logged,D52,35.4,EUPHORBIACEAE,Macaranga ,Macaranga _pearsonii
D,logged,D53,31.8,EUPHORBIACEAE,Macaranga ,Macaranga _hypoleuca
D,logged,D54,30,EUPHORBIACEAE,Macaranga ,Macaranga _pearsonii
D,logged,D55,49.5,DIPTEROCARPACEAE,Shorea,Shorea_parvifolia
D,logged,D56,32.3,EUPHORBIACEAE,Macaranga ,Macaranga _hypoleuca
D,logged,D57,75,DIPTEROCARPACEAE,Shorea,Shorea_parvifolia
D,logged,D58,51.6,DIPTEROCARPACEAE,Shorea,Shorea_fallax
D,logged,D59,35,LAURACEAE,Litsea,Litsea_sp.3
D,logged,D60,60.5,DIPTEROCARPACEAE,Parashorea,Parashorea_tomentella
D,logged,D61,40,EUPHORBIACEAE,Macaranga ,Macaranga _hypoleuca
D,logged,D62,35,EUPHORBIACEAE,Macaranga ,Macaranga _pearsonii
D,logged,D63,40,ALANGIACEAE,Alangium,Alangium_javanicum
D,logged,D64,30.8,ANNONACEAE,Polyalthia,Polyalthia_sumatrana
E,logged,E1,45.2,EUPHORBIACEAE,Macaranga ,Macaranga _hypoleuca
E,logged,E2,37.3,MELIACEAE,Aglaia,Aglaia_sp.6
E,logged,E3,43.6,FAGACEAE,Lithocarpus,Lithocarpus_sp.4
E,logged,E4,60,DIPTEROCARPACEAE,Parashorea,Parashorea_malaanonan
E,logged,E5,30.7,EUPHORBIACEAE,Macaranga ,Macaranga _pearsonii
E,logged,E6,30,EUPHORBIACEAE,Macaranga ,Macaranga _pearsonii
E,logged,E7,39.3,SYMPLOCACEAE,Symplocos,Symplocos_fasciculata
E,logged,E8,30.1,EUPHORBIACEAE,Macaranga ,Macaranga _hypoleuca
E,logged,E9,34.9,EUPHORBIACEAE,Macaranga ,Macaranga _pearsonii
E,logged,E10,48.5,EUPHORBIACEAE,Macaranga ,Macaranga _pearsonii
E,logged,E11,41.4,EUPHORBIACEAE,Macaranga ,Macaranga _pearsonii
E,logged,E12,37.2,MALVACEAE (TILIACEAE),Pentace,Pentace_laxiflora
E,logged,E13,46.8,EUPHORBIACEAE,Macaranga ,Macaranga _pearsonii
E,logged,E14,61,DIPTEROCARPACEAE,Shorea,Shorea_parvifolia
E,logged,E15,54.3,EUPHORBIACEAE,Macaranga ,Macaranga _pearsonii
E,logged,E16,80,FABACEAE (LEGUMINOSAE),Intsia,Intsia_sp.1
E,logged,E17,31.9,EUPHORBIACEAE,Endospermum,Endospermum_diadenum
E,logged,E18,45,EUPHORBIACEAE,Macaranga ,Macaranga _pearsonii
E,logged,E19,49.6,EUPHORBIACEAE,Macaranga ,Macaranga _pearsonii
E,logged,E20,43.5,EUPHORBIACEAE,Macaranga ,Macaranga _hypoleuca
E,logged,E21,41,EUPHORBIACEAE,Macaranga ,Macaranga _gigantea
E,logged,E22,46.1,EUPHORBIACEAE,Macaranga ,Macaranga _gigantea
E,logged,E23,39.5,EUPHORBIACEAE,Macaranga ,Macaranga _hypoleuca
E,logged,E24,70,FABACEAE (LEGUMINOSAE),Intsia,Intsia_palembanica
E,logged,E25,55,DIPTEROCARPACEAE,Dryobalanops,Dryobalanops_lanceolata
E,logged,E26,35,EUPHORBIACEAE,Macaranga ,Macaranga _pearsonii
E,logged,E27,46.9,EUPHORBIACEAE,Macaranga ,Macaranga _pearsonii
E,logged,E28,30.7,EUPHORBIACEAE,Macaranga ,Macaranga _pearsonii
E,logged,E29,33.5,RUBIACEAE,Pleiocarpidia,Pleiocarpidia_sandahanica
E,logged,E30,40.8,EUPHORBIACEAE,Macaranga ,Macaranga _pearsonii
E,logged,E31,60.1,FABACEAE (LEGUMINOSAE),Sindora ,Sindora _irpicina
E,logged,E32,46.5,EUPHORBIACEAE,Macaranga ,Macaranga _pearsonii
E,logged,E33,41.4,EUPHORBIACEAE,Macaranga ,Macaranga _hypoleuca
E,logged,E34,38.5,MELIACEAE,Aglaia,Aglaia_elliptica
E,logged,E35,37.3,EUPHORBIACEAE,Endospermum,Endospermum_diadenum
E,logged,E36,40.4,EUPHORBIACEAE,Macaranga ,Macaranga _pearsonii
E,logged,E37,35,EUPHORBIACEAE,Macaranga ,Macaranga _pearsonii
E,logged,E38,33.4,MYRISTICACEAE,Knema,Knema_cinerea
E,logged,E39,47.2,EUPHORBIACEAE,Macaranga ,Macaranga _pearsonii
E,logged,E40,31.5,BURSERACEAE,Canarium,Canarium_denticulatum
E,logged,E41,45,MALVACEAE (TILIACEAE),Pentace,Pentace_laxiflora
E,logged,E42,37,EUPHORBIACEAE,Macaranga ,Macaranga _hypoleuca
E,logged,E43,31.6,LABIATAE (LAMIACEAE),Callicarpa,Callicarpa_longifolia
E,logged,E44,60.4,CELASTRACEAE,Lophopetalum,Lophopetalum_beccarianum
E,logged,E45,48,EUPHORBIACEAE,Mallotus,Mallotus_oblongifolius
E,logged,E46,45.6,EUPHORBIACEAE,Macaranga ,Macaranga _hypoleuca
E,logged,E47,42,EUPHORBIACEAE,Macaranga ,Macaranga _pearsonii
E,logged,E48,32.2,EUPHORBIACEAE,Endospermum,Endospermum_diadenum
E,logged,E49,53.9,DIPTEROCARPACEAE,Shorea,Shorea_johorensis
E,logged,E50,33,DIPTEROCARPACEAE,Shorea,Shorea_johorensis
E,logged,E51,30,EUPHORBIACEAE,Macaranga ,Macaranga _hypoleuca
E,logged,E52,35,EUPHORBIACEAE,Macaranga ,Macaranga _pearsonii
E,logged,E53,39.5,EUPHORBIACEAE,Macaranga ,Macaranga _pearsonii
E,logged,E54,35,EUPHORBIACEAE,Macaranga ,Macaranga _hypoleuca
F,logged,F1,40.1,DIPTEROCARPACEAE,Parashorea,Parashorea_malaanonan
F,logged,F2,74.7,DIPTEROCARPACEAE,Shorea,Shorea_parvifolia
F,logged,F3,100,FABACEAE (LEGUMINOSAE),Koompassia,Koompassia_excelsa
F,logged,F4,33,LECYTHIDACEAE,Barringtonia,Barringtonia_sarcostachys
F,logged,F5,33,CORNACEAE,Mastixia,Mastixia_trichotoma
F,logged,F6,30.9,MALVACEAE (TILIACEAE),Pentace,Pentace_laxiflora
F,logged,F7,39.9,EUPHORBIACEAE,Macaranga ,Macaranga _hypoleuca
F,logged,F8,33.5,EUPHORBIACEAE,Macaranga ,Macaranga _hypoleuca
F,logged,F9,30.2,LECYTHIDACEAE,Barringtonia,Barringtonia_lanceolata
F,logged,F10,44.1,EUPHORBIACEAE,Macaranga ,Macaranga _pearsonii
F,logged,F11,37.4,ALANGIACEAE,Alangium,Alangium_javanicum
F,logged,F12,35,ALANGIACEAE,Alangium,Alangium_javanicum
F,logged,F13,65,FAGACEAE,Quercus,Quercus_sp.1
F,logged,F14,30,MYRTACEAE,Eugenia,Eugenia_kunstleri
F,logged,F15,40,DIPTEROCARPACEAE,Shorea,Shorea_gibbosa
F,logged,F16,38.3,BURSERACEAE,Canarium,Canarium_denticulatum
F,logged,F17,51.5,EUPHORBIACEAE,Macaranga ,Macaranga _pearsonii
F,logged,F18,38.9,DIPTEROCARPACEAE,Parashorea,Parashorea_malaanonan
F,logged,F19,90,FABACEAE (LEGUMINOSAE),Koompassia,Koompassia_excelsa
F,logged,F20,31,DIPTEROCARPACEAE,Hopea,Hopea_ferruginea
F,logged,F21,30.5,LECYTHIDACEAE,Barringtonia,Barringtonia_sarcostachys
F,logged,F22,32.5,DIPTEROCARPACEAE,Shorea,Shorea_parvifolia
F,logged,F23,55,MALVACEAE (STERCULIACEAE),Scaphium,Scaphium_macropodum
F,logged,F24,45,ALANGIACEAE,Alangium,Alangium_javanicum
F,logged,F25,37.7,LECYTHIDACEAE,Barringtonia,Barringtonia_sarcostachys
F,logged,F26,40,VERBENACEAE,Teijsmanniodendron,Teijsmanniodendron_bogoriense
F,logged,F27,30.3,EUPHORBIACEAE,Macaranga ,Macaranga _hypoleuca
F,logged,F28,35.8,FAGACEAE,Lithocarpus,Lithocarpus_gracilis
F,logged,F29,85,MELIACEAE,Azadirachta,Azadirachta_excelsa
F,logged,F30,70,DIPTEROCARPACEAE,Shorea,Shorea_ovalis
F,logged,F31,50,SIMAROUBACEAE,Irvingia,Irvingia_malayana
F,logged,F32,39.5,DIPTEROCARPACEAE,Vatica,Vatica_sarawakensis
F,logged,F33,41.4,EUPHORBIACEAE,Macaranga ,Macaranga _pearsonii
F,logged,F34,45.5,EUPHORBIACEAE,Macaranga ,Macaranga _pearsonii
F,logged,F35,38.5,EUPHORBIACEAE,Macaranga ,Macaranga _pearsonii
F,logged,F36,45,DILLENIACEAE,Dillenia,Dillenia_excelsa
F,logged,F37,32.8,EUPHORBIACEAE,Macaranga ,Macaranga _hypoleuca
F,logged,F38,37.6,EUPHORBIACEAE,Macaranga ,Macaranga _hypoleuca
F,logged,F39,44,EUPHORBIACEAE,Macaranga ,Macaranga _hypoleuca
F,logged,F40,34.9,EUPHORBIACEAE,Macaranga ,Macaranga _pearsonii
F,logged,F41,32,EUPHORBIACEAE,Macaranga ,Macaranga _hypoleuca
F,logged,F42,45,EUPHORBIACEAE,Macaranga ,Macaranga _pearsonii
F,logged,F43,38.2,EUPHORBIACEAE,Macaranga ,Macaranga _pearsonii
F,logged,F44,45.5,EUPHORBIACEAE,Macaranga ,Macaranga _pearsonii
F,logged,F45,40,DIPTEROCARPACEAE,Parashorea,Parashorea_malaanonan
G,logged,G1,60,DIPTEROCARPACEAE,Parashorea,Parashorea_tomentella
G,logged,G2,75,DIPTEROCARPACEAE,Shorea,Shorea_leprosula
G,logged,G3,30,DIPTEROCARPACEAE,Hopea,Hopea_ferruginea
G,logged,G4,43.8,MALVACEAE (TILIACEAE),Microcos,Microcos_crassifolia
G,logged,G5,36,EBENACEAE,Diospyros,Diospyros_macrophylla
G,logged,G6,75,DIPTEROCARPACEAE,Hopea,Hopea_ferruginea
G,logged,G7,40,ALANGIACEAE,Alangium,Alangium_javanicum
G,logged,G8,48,DIPTEROCARPACEAE,Hopea,Hopea_ferruginea
G,logged,G9,45,MELIACEAE,Dysoxylon,Dysoxylon_alliaceum
G,logged,G10,48,EUPHORBIACEAE,Endospermum,Endospermum_diadenum
G,logged,G11,50,MALVACEAE (TILIACEAE),Pentace,Pentace_laxiflora
G,logged,G12,40,MALVACEAE (TILIACEAE),Pentace,Pentace_laxiflora
G,logged,G13,35,DIPTEROCARPACEAE,Hopea,Hopea_ferruginea
G,logged,G14,51,DIPTEROCARPACEAE,Parashorea,Parashorea_malaanonan
G,logged,G15,40,CELASTRACEAE,Lophopetalum,Lophopetalum_beccarianum
G,logged,G16,60,CELASTRACEAE,Lophopetalum,Lophopetalum_beccarianum
G,logged,G17,43.2,DIPTEROCARPACEAE,Parashorea,Parashorea_tomentella
G,logged,G18,32,DIPTEROCARPACEAE,Shorea,Shorea_parvifolia
G,logged,G19,40,FAGACEAE,Lithocarpus,Lithocarpus_gracilis
G,logged,G20,30.2,EUPHORBIACEAE,Macaranga ,Macaranga _gigantea
G,logged,G21,43,DIPTEROCARPACEAE,Parashorea,Parashorea_tomentella
G,logged,G22,61,DIPTEROCARPACEAE,Parashorea,Parashorea_tomentella
G,logged,G23,64,DIPTEROCARPACEAE,Parashorea,Parashorea_tomentella
G,logged,G24,53.5,DIPTEROCARPACEAE,Shorea,Shorea_argentifolia
G,logged,G25,52,DIPTEROCARPACEAE,Shorea,Shorea_leprosula
G,logged,G26,52,DIPTEROCARPACEAE,Parashorea,Parashorea_malaanonan
G,logged,G27,38,DIPTEROCARPACEAE,Shorea,Shorea_johorensis
G,logged,G28,50.5,DIPTEROCARPACEAE,Parashorea,Parashorea_malaanonan
G,logged,G29,65,MALVACEAE (TILIACEAE),Pentace,Pentace_laxiflora
G,logged,G30,35.5,POLYGALACEAE,Xanthophyllum,Xanthophyllum_affine
G,logged,G31,32.5,SALICACEAE (FLACOURTIACEAE),Hydnocarpus,Hydnocarpus_woodii
G,logged,G32,80,DIPTEROCARPACEAE,Shorea,Shorea_parvifolia
G,logged,G33,52,MALVACEAE (TILIACEAE),Pentace,Pentace_laxiflora
G,logged,G34,66,EUPHORBIACEAE,Macaranga ,Macaranga _pearsonii
G,logged,G35,37.5,MELIACEAE,Aglaia,Aglaia_silvestris
G,logged,G36,31.5,EBENACEAE,Diospyros,Diospyros_macrophylla
G,logged,G37,52,DIPTEROCARPACEAE,Shorea,Shorea_parvifolia
G,logged,G38,45,DIPTEROCARPACEAE,Parashorea,Parashorea_malaanonan
G,logged,G39,50,DATISCACEAE,Octomeles,Octomeles_sumatrana
H,logged,H1,30.9,LAURACEAE,Dehaasia,Dehaasia_caesia
H,logged,H2,37,FAGACEAE,Lithocarpus,Lithocarpus_sp.3
H,logged,H3,33.8,DIPTEROCARPACEAE,Shorea,Shorea_laxa
H,logged,H4,46.3,ALANGIACEAE,Alangium,Alangium_javanicum
H,logged,H5,85,DIPTEROCARPACEAE,Shorea,Shorea_pauciflora
H,logged,H6,30,LAURACEAE,Dehaasia,Dehaasia_caesia
H,logged,H7,36,OLACACEAE,Ochanostachys,Ochanostachys_amentacea
H,logged,H8,70,DIPTEROCARPACEAE,Shorea,Shorea_pauciflora
H,logged,H9,55,MAGNOLIACEAE,Magnolia,Magnolia_candollii
H,logged,H10,70,LAURACEAE,Dehaasia,Dehaasia_caesia
H,logged,H11,35,FAGACEAE,Castanopsis,Castanopsis_hypophoenicea
H,logged,H12,38,EUPHORBIACEAE,Macaranga ,Macaranga _gigantea
H,logged,H13,40,DIPTEROCARPACEAE,Shorea,Shorea_leprosula
H,logged,H14,44,EUPHORBIACEAE,Macaranga ,Macaranga _pearsonii
H,logged,H15,34.7,EUPHORBIACEAE,Macaranga ,Macaranga _gigantea
H,logged,H16,40.5,EUPHORBIACEAE,Macaranga ,Macaranga _gigantea
H,logged,H17,47,EUPHORBIACEAE,Macaranga ,Macaranga _pearsonii
H,logged,H18,40.5,DIPTEROCARPACEAE,Shorea,Shorea_gibbosa
H,logged,H19,52.9,EUPHORBIACEAE,Macaranga ,Macaranga _pearsonii
H,logged,H20,36.3,DIPTEROCARPACEAE,Hopea,Hopea_nervosa
H,logged,H21,32.9,ANNONACEAE,Polyalthia,Polyalthia_sumatrana
H,logged,H22,30.3,EUPHORBIACEAE,Macaranga ,Macaranga _hypoleuca
H,logged,H23,38.2,EUPHORBIACEAE,Macaranga ,Macaranga _gigantea
H,logged,H24,33.6,EUPHORBIACEAE,Macaranga ,Macaranga _hypoleuca
H,logged,H25,110,DIPTEROCARPACEAE,Shorea,Shorea_superba
H,logged,H26,43.5,DIPTEROCARPACEAE,Dipterocarpus,Dipterocarpus_caudiferus
H,logged,H27,35.3,SAPOTACEAE,Madhuca,Madhuca_kingiana
H,logged,H28,35,MALVACEAE (TILIACEAE),Pentace,Pentace_laxiflora
H,logged,H29,53.5,DIPTEROCARPACEAE,Shorea,Shorea_gibbosa
H,logged,H30,65,DIPTEROCARPACEAE,Parashorea,Parashorea_tomentella
H,logged,H31,35,CELASTRACEAE,Lophopetalum,Lophopetalum_beccarianum
H,logged,H32,33,EUPHORBIACEAE,Macaranga ,Macaranga _hypoleuca
H,logged,H33,40,FABACEAE (LEGUMINOSAE),Archidendron,Archidendron_sp.2
H,logged,H34,31.5,DIPTEROCARPACEAE,Shorea,Shorea_parvifolia
H,logged,H35,58.4,EUPHORBIACEAE,Macaranga ,Macaranga _hypoleuca
H,logged,H36,38.5,DIPTEROCARPACEAE,Shorea,Shorea_parvifolia
H,logged,H37,31,LAURACEAE,Litsea,Litsea_sp.27
H,logged,H38,45,EUPHORBIACEAE,Macaranga ,Macaranga _gigantea
H,logged,H39,49,EUPHORBIACEAE,Macaranga ,Macaranga _gigantea
H,logged,H40,21.7,DIPTEROCARPACEAE,Shorea,Shorea_parvifolia
H,logged,H41,35.2,DIPTEROCARPACEAE,Shorea,Shorea_parvifolia
H,logged,H42,60,DIPTEROCARPACEAE,Shorea,Shorea_parvifolia
H,logged,H43,36,DIPTEROCARPACEAE,Shorea,Shorea_laxa
H,logged,H44,35,ALANGIACEAE,Alangium,Alangium_javanicum
H,logged,H45,33.9,SAPOTACEAE,Madhuca,Madhuca_kingiana
H,logged,H46,40,DIPTEROCARPACEAE,Vatica,Vatica_dulitensis
H,logged,H47,45.3,ANACARDIACEAE,Gluta ,Gluta _wallichii
H,logged,H48,31.5,DIPTEROCARPACEAE,Shorea,Shorea_johorensis
H,logged,H49,76,DIPTEROCARPACEAE,Shorea,Shorea_parvifolia
H,logged,H50,51,DIPTEROCARPACEAE,Shorea,Shorea_johorensis
H,logged,H51,39.2,MALVACEAE (TILIACEAE),Microcos,Microcos_crassifolia
H,logged,H52,30,DIPTEROCARPACEAE,Hopea,Hopea_nutans
H,logged,H53,80,DIPTEROCARPACEAE,Shorea,Shorea_parvifolia
H,logged,H54,40,DIPTEROCARPACEAE,Shorea,Shorea_parvifolia
H,logged,H55,60,SAPOTACEAE,Madhuca,Madhuca_kingiana
H,logged,H56,85,MALVACEAE (BOMBACACEAE),Durio,Durio_sp.1
H,logged,H57,40.4,DIPTEROCARPACEAE,Shorea,Shorea_parvifolia
H,logged,H58,60,DIPTEROCARPACEAE,Shorea,Shorea_argentifolia
H,logged,H59,35,EUPHORBIACEAE,Macaranga ,Macaranga _gigantea
H,logged,H60,37,EUPHORBIACEAE,Macaranga ,Macaranga _gigantea
H,logged,H61,52,DIPTEROCARPACEAE,Dipterocarpus,Dipterocarpus_caudiferus
H,logged,H62,60,DIPTEROCARPACEAE,Shorea,Shorea_pauciflora
H,logged,H63,59.6,DIPTEROCARPACEAE,Shorea,Shorea_gibbosa
H,logged,H64,67,DIPTEROCARPACEAE,Shorea,Shorea_laxa
H,logged,H65,47.5,EUPHORBIACEAE,Endospermum,Endospermum_diadenum
H,logged,H66,33.3,BURSERACEAE,Canarium,Canarium_denticulatum
H,logged,H67,39.4,EUPHORBIACEAE,Macaranga ,Macaranga _gigantea
H,logged,H68,31.2,EUPHORBIACEAE,Macaranga ,Macaranga _gigantea
H,logged,H69,32.2,EUPHORBIACEAE,Macaranga ,Macaranga _pearsonii
H,logged,H70,42.1,MELIACEAE,Dysoxylon,Dysoxylon_sp.8
H,logged,H71,32,DIPTEROCARPACEAE,Shorea,Shorea_gibbosa
H,logged,H72,33,DIPTEROCARPACEAE,Shorea,Shorea_gibbosa
H,logged,H73,34.6,EUPHORBIACEAE,Macaranga ,Macaranga _pearsonii
H,logged,H74,40,DILLENIACEAE,Dillenia,Dillenia_excelsa
I,logged,I1,69.6,DIPTEROCARPACEAE,Shorea,Shorea_leprosula
I,logged,I2,53,EUPHORBIACEAE,Macaranga ,Macaranga _pearsonii
I,logged,I3,50,MYRTACEAE,Eugenia,Eugenia_sp.23
I,logged,I4,67,DIPTEROCARPACEAE,Parashorea,Parashorea_tomentella
I,logged,I5,65,DIPTEROCARPACEAE,Parashorea,Parashorea_tomentella
I,logged,I6,36.2,EBENACEAE,Diospyros,Diospyros_macrophylla
I,logged,I7,60.1,DIPTEROCARPACEAE,Shorea,Shorea_symingtonii
I,logged,I8,31.4,MALVACEAE (STERCULIACEAE),Pterospermum,Pterospermum_stapfianum
I,logged,I9,39.8,DATISCACEAE,Octomeles,Octomeles_sumatrana
I,logged,I10,31.2,DATISCACEAE,Octomeles,Octomeles_sumatrana
I,logged,I11,53.2,DATISCACEAE,Octomeles,Octomeles_sumatrana
I,logged,I12,31,EUPHORBIACEAE,Macaranga ,Macaranga _pearsonii
I,logged,I13,30,MELIACEAE,Aglaia,Aglaia_odoratissima
I,logged,I14,75,DIPTEROCARPACEAE,Parashorea,Parashorea_malaanonan
I,logged,I15,60,MALVACEAE (BOMBACACEAE),Neesia,Neesia_synandra
I,logged,I16,35,DILLENIACEAE,Dillenia,Dillenia_excelsa
I,logged,I17,31,LYTHRACEAE (SONNERATIACEAE),Duabanga,Duabanga_moluccana
I,logged,I18,37,RUBIACEAE,Neolamarckia,Neolamarckia_cadamba
I,logged,I19,35,BURSERACEAE,Triomma,Triomma_malaccensis
I,logged,I20,45,DIPTEROCARPACEAE,Parashorea,Parashorea_tomentella
I,logged,I21,45,DATISCACEAE,Octomeles,Octomeles_sumatrana
I,logged,I22,34,SAPINDACEAE,Paranephelium,Paranephelium_xestophyllum
I,logged,I23,70,DIPTEROCARPACEAE,Parashorea,Parashorea_tomentella
I,logged,I24,40,MYRTACEAE,Eugenia,Eugenia_sp.23
I,logged,I25,45,EUPHORBIACEAE,Macaranga ,Macaranga _pearsonii
I,logged,I26,54.5,RUBIACEAE,Neolamarckia,Neolamarckia_cadamba
I,logged,I27,43.5,LYTHRACEAE (SONNERATIACEAE),Duabanga,Duabanga_moluccana
I,logged,I28,60,MELIACEAE,Aglaia,Aglaia_tomentosa
J,logged,J1,70.2,DATISCACEAE,Octomeles,Octomeles_sumatrana
J,logged,J2,35,EUPHORBIACEAE,Endospermum,Endospermum_diadenum
J,logged,J3,50,DATISCACEAE,Octomeles,Octomeles_sumatrana
J,logged,J4,36.4,EUPHORBIACEAE,Endospermum,Endospermum_diadenum
J,logged,J5,35,EUPHORBIACEAE,Endospermum,Endospermum_diadenum
J,logged,J6,45,DATISCACEAE,Octomeles,Octomeles_sumatrana
J,logged,J7,65,DATISCACEAE,Octomeles,Octomeles_sumatrana
J,logged,J8,60,DIPTEROCARPACEAE,Parashorea,Parashorea_malaanonan
J,logged,J9,38.9,DATISCACEAE,Octomeles,Octomeles_sumatrana
J,logged,J10,30.4,EUPHORBIACEAE,Endospermum,Endospermum_diadenum
J,logged,J11,32.5,EUPHORBIACEAE,Macaranga ,Macaranga _gigantea
J,logged,J12,52.5,DATISCACEAE,Octomeles,Octomeles_sumatrana
J,logged,J13,50,DIPTEROCARPACEAE,Shorea,Shorea_gibbosa
J,logged,J14,55,LAURACEAE,Litsea,Litsea_sp.32
J,logged,J15,44.4,DATISCACEAE,Octomeles,Octomeles_sumatrana
J,logged,J16,50,EUPHORBIACEAE,Macaranga ,Macaranga _pearsonii
J,logged,J17,55,DATISCACEAE,Octomeles,Octomeles_sumatrana
J,logged,J18,35,DIPTEROCARPACEAE,Parashorea,Parashorea_tomentella
J,logged,J19,41.8,EUPHORBIACEAE,Macaranga ,Macaranga _pearsonii
J,logged,J20,40.1,EUPHORBIACEAE,Macaranga ,Macaranga _gigantea
J,logged,J21,34.2,DIPTEROCARPACEAE,Shorea,Shorea_parvifolia
J,logged,J22,40,SAPINDACEAE,Nephelium,Nephelium_ramboutan-ake
J,logged,J23,49,BURSERACEAE,Canarium,Canarium_odontophyllum
K,logged,K1,40,MALVACEAE (TILIACEAE),Pentace,Pentace_laxiflora
K,logged,K2,30.3,DIPTEROCARPACEAE,Parashorea,Parashorea_malaanonan
K,logged,K3,49.4,FAGACEAE,Castanopsis,Castanopsis_motleyana
K,logged,K4,110,DIPTEROCARPACEAE,Shorea,Shorea_argentifolia
K,logged,K5,47.5,DIPTEROCARPACEAE,Shorea,Shorea_parvifolia
K,logged,K6,31.4,LECYTHIDACEAE,Barringtonia,Barringtonia_lanceolata
K,logged,K7,34.1,DIPTEROCARPACEAE,Parashorea,Parashorea_malaanonan
K,logged,K8,34.3,MALVACEAE (TILIACEAE),Pentace,Pentace_laxiflora
K,logged,K9,34,MELIACEAE,Chisocheton,Chisocheton_sarawakanus
K,logged,K10,43,SALICACEAE (FLACOURTIACEAE),Homalium,Homalium_foetidum
K,logged,K11,40,MYRTACEAE,Eugenia,Eugenia_chrysantha
K,logged,K12,35,FAGACEAE,Lithocarpus,Lithocarpus_leptogyne
K,logged,K13,56.4,DIPTEROCARPACEAE,Shorea,Shorea_parvifolia
K,logged,K14,31.9,MALVACEAE (TILIACEAE),Pentace,Pentace_laxiflora
K,logged,K15,47.6,FAGACEAE,Lithocarpus,Lithocarpus_gracilis
K,logged,K16,55,DIPTEROCARPACEAE,Shorea,Shorea_leprosula
K,logged,K17,31.3,EUPHORBIACEAE,Glochidion,Glochidion_rubrum
K,logged,K18,45,MELIACEAE,Dysoxylon,Dysoxylon_alliaceum
K,logged,K19,39.5,LAURACEAE,Cryptocarya,Cryptocarya_erectinervia
K,logged,K20,80,DIPTEROCARPACEAE,Shorea,Shorea_parvifolia
K,logged,K21,39.7,CELASTRACEAE,Lophopetalum,Lophopetalum_beccarianum
K,logged,K22,38,MYRTACEAE,Eugenia,Eugenia_chrysantha
K,logged,K23,36.3,LAURACEAE,Cryptocarya,Cryptocarya_sp.3
K,logged,K24,58.5,DIPTEROCARPACEAE,Shorea,Shorea_parvifolia
K,logged,K25,44,DIPTEROCARPACEAE,Dipterocarpus,Dipterocarpus_caudiferus
K,logged,K26,45,EUPHORBIACEAE,Macaranga ,Macaranga _hypoleuca
K,logged,K27,40,DIPTEROCARPACEAE,Dipterocarpus,Dipterocarpus_caudiferus
K,logged,K28,40,MALVACEAE (TILIACEAE),Pentace,Pentace_laxiflora
K,logged,K29,55,DIPTEROCARPACEAE,Shorea,Shorea_parvifolia
K,logged,K30,65,DIPTEROCARPACEAE,Parashorea,Parashorea_malaanonan
L,unlogged,L1,60,DIPTEROCARPACEAE,Shorea,Shorea_johorensis
L,unlogged,L2,55,DIPTEROCARPACEAE,Shorea,Shorea_parvifolia
L,unlogged,L3,85,DIPTEROCARPACEAE,Shorea,Shorea_johorensis
L,unlogged,L4,44.2,FAGACEAE,Lithocarpus,Lithocarpus_leptogyne
L,unlogged,L5,80,DIPTEROCARPACEAE,Shorea,Shorea_johorensis
L,unlogged,L6,45,FABACEAE (LEGUMINOSAE),Peltophorum,Peltophorum_racemosum
L,unlogged,L7,35.9,LECYTHIDACEAE,Barringtonia,Barringtonia_sarcostachys
L,unlogged,L8,50,FABACEAE (LEGUMINOSAE),Peltophorum,Peltophorum_racemosum
L,unlogged,L9,45,MELIACEAE,Dysoxylon,Dysoxylon_sp.4
L,unlogged,L10,90,DIPTEROCARPACEAE,Shorea,Shorea_argentifolia
L,unlogged,L11,30,MYRTACEAE,Eugenia,Eugenia_sp.6
L,unlogged,L12,60,DIPTEROCARPACEAE,Shorea,Shorea_johorensis
L,unlogged,L13,65,DIPTEROCARPACEAE,Shorea,Shorea_argentifolia
L,unlogged,L14,49.5,FAGACEAE,Lithocarpus,Lithocarpus_leptogyne
L,unlogged,L15,76.4,DIPTEROCARPACEAE,Shorea,Shorea_parvifolia
L,unlogged,L16,47.9,FAGACEAE,Castanopsis,Castanopsis_hypophoenicea
L,unlogged,L17,56.9,FAGACEAE,Lithocarpus,Lithocarpus_leptogyne
L,unlogged,L18,85,DIPTEROCARPACEAE,Shorea,Shorea_johorensis
L,unlogged,L19,45,DIPTEROCARPACEAE,Parashorea,Parashorea_malaanonan
L,unlogged,L20,50,LAURACEAE,Litsea,Litsea_gracilis
L,unlogged,L21,100,FABACEAE (LEGUMINOSAE),Koompassia,Koompassia_excelsa
L,unlogged,L22,65,DIPTEROCARPACEAE,Parashorea,Parashorea_malaanonan
L,unlogged,L23,70,DIPTEROCARPACEAE,Shorea,Shorea_johorensis
L,unlogged,L24,38.5,DIPTEROCARPACEAE,Shorea,Shorea_fallax
L,unlogged,L25,38.2,POLYGALACEAE,Xanthophyllum,Xanthophyllum_affine
L,unlogged,L26,37,DIPTEROCARPACEAE,Shorea,Shorea_johorensis
L,unlogged,L27,65,DIPTEROCARPACEAE,Shorea,Shorea_fallax
L,unlogged,L28,50,DIPTEROCARPACEAE,Shorea,Shorea_fallax
L,unlogged,L29,70,DIPTEROCARPACEAE,Shorea,Shorea_fallax
L,unlogged,L30,30,POLYGALACEAE,Xanthophyllum,Xanthophyllum_affine
L,unlogged,L31,53.1,MALVACEAE (TILIACEAE),Pentace,Pentace_laxiflora
L,unlogged,L32,30,LAURACEAE,Cryptocarya,Cryptocarya_sp.4
L,unlogged,L33,72.7,DIPTEROCARPACEAE,Dipterocarpus,Dipterocarpus_caudiferus
L,unlogged,L34,80,DIPTEROCARPACEAE,Shorea,Shorea_argentifolia
L,unlogged,L35,58.8,MORACEAE,Artocarpus,Artocarpus_dadak
L,unlogged,L36,85,FABACEAE (LEGUMINOSAE),Koompassia,Koompassia_excelsa
L,unlogged,L37,45,ULMACEAE,Gironniera,Gironniera_nervosa
L,unlogged,L38,50,DIPTEROCARPACEAE,Shorea,Shorea_fallax
L,unlogged,L39,65,DIPTEROCARPACEAE,Shorea,Shorea_johorensis
L,unlogged,L40,80,DIPTEROCARPACEAE,Shorea,Shorea_parvifolia
L,unlogged,L41,80,DIPTEROCARPACEAE,Shorea,Shorea_argentifolia
L,unlogged,L42,38.9,POLYGALACEAE,Xanthophyllum,Xanthophyllum_vitellinum
L,unlogged,L43,69.5,DIPTEROCARPACEAE,Shorea,Shorea_johorensis
L,unlogged,L44,55,MORACEAE,Ficus,Ficus_benjamina
L,unlogged,L45,55,APOCYNACEAE,Alstonia,Alstonia_angustiloba
L,unlogged,L46,36,LAURACEAE,Dehaasia,Dehaasia_caesia
L,unlogged,L47,43.6,FAGACEAE,Lithocarpus,Lithocarpus_leptogyne
L,unlogged,L48,35.6,MALVACEAE (TILIACEAE),Pentace,Pentace_laxiflora
L,unlogged,L49,90,DIPTEROCARPACEAE,Shorea,Shorea_johorensis
L,unlogged,L50,35.3,CELASTRACEAE,Lophopetalum,Lophopetalum_beccarianum
L,unlogged,L51,40.3,DIPTEROCARPACEAE,Shorea,Shorea_parvifolia
L,unlogged,L52,45,BURSERACEAE,Canarium,Canarium_odontophyllum
L,unlogged,L53,30,DIPTEROCARPACEAE,Shorea,Shorea_johorensis
L,unlogged,L54,30,MYRTACEAE,Eugenia,Eugenia_sp.6
L,unlogged,L55,60,DIPTEROCARPACEAE,Shorea,Shorea_argentifolia
M,unlogged,M1,42.9,DIPTEROCARPACEAE,Parashorea,Parashorea_malaanonan
M,unlogged,M2,65,BURSERACEAE,Santiria,Santiria_tomentosa
M,unlogged,M3,40,DIPTEROCARPACEAE,Shorea,Shorea_johorensis
M,unlogged,M4,35,MYRTACEAE,Eugenia,Eugenia_fastigiata
M,unlogged,M5,40,ANNONACEAE,Polyalthia,Polyalthia_sumatrana
M,unlogged,M6,44.4,DIPTEROCARPACEAE,Shorea,Shorea_johorensis
M,unlogged,M7,32.5,DIPTEROCARPACEAE,Shorea,Shorea_johorensis
M,unlogged,M8,65,FABACEAE (LEGUMINOSAE),Koompassia,Koompassia_excelsa
M,unlogged,M9,80,DIPTEROCARPACEAE,Shorea,Shorea_johorensis
M,unlogged,M10,30,BURSERACEAE,Santiria,Santiria_tomentosa
M,unlogged,M11,30.7,DIPTEROCARPACEAE,Shorea,Shorea_johorensis
M,unlogged,M12,34.5,DILLENIACEAE,Dillenia,Dillenia_excelsa
M,unlogged,M13,50,MYRTACEAE,Eugenia,Eugenia_fastigiata
M,unlogged,M14,33.6,MELIACEAE,Aglaia,Aglaia_macrocarpa
M,unlogged,M15,100,DIPTEROCARPACEAE,Shorea,Shorea_johorensis
M,unlogged,M16,70,SAPOTACEAE,Palaquium,Palaquium_rostratum
M,unlogged,M17,49.5,EUPHORBIACEAE,Macaranga ,Macaranga _hypoleuca
M,unlogged,M18,80,DIPTEROCARPACEAE,Shorea,Shorea_parvifolia
M,unlogged,M19,33.5,ANNONACEAE,Polyalthia,Polyalthia_sumatrana
M,unlogged,M20,38.4,DIPTEROCARPACEAE,Parashorea,Parashorea_malaanonan
M,unlogged,M21,40,MALVACEAE (TILIACEAE),Microcos,Microcos_crassifolia
M,unlogged,M22,90,DIPTEROCARPACEAE,Shorea,Shorea_johorensis
M,unlogged,M23,75,DIPTEROCARPACEAE,Shorea,Shorea_parvifolia
M,unlogged,M24,80,DIPTEROCARPACEAE,Shorea,Shorea_parvifolia
N,unlogged,N1,36,ALANGIACEAE,Alangium,Alangium_javanicum
N,unlogged,N2,45,MYRTACEAE,Eugenia,Eugenia_sp.6
N,unlogged,N3,45,DIPTEROCARPACEAE,Shorea,Shorea_leprosula
N,unlogged,N4,40,DIPTEROCARPACEAE,Parashorea,Parashorea_tomentella
N,unlogged,N5,32.9,EBENACEAE,Diospyros,Diospyros_macrophylla
N,unlogged,N6,39,DIPTEROCARPACEAE,Shorea,Shorea_gibbosa
N,unlogged,N7,54,DIPTEROCARPACEAE,Parashorea,Parashorea_malaanonan
N,unlogged,N8,40,MALVACEAE (STERCULIACEAE),Pterospermum,Pterospermum_stapfianum
N,unlogged,N9,35,MELIACEAE,Chisocheton,Chisocheton_sarawakanus
N,unlogged,N10,75,DIPTEROCARPACEAE,Parashorea,Parashorea_tomentella
N,unlogged,N11,125,DIPTEROCARPACEAE,Parashorea,Parashorea_tomentella
N,unlogged,N12,42,DIPTEROCARPACEAE,Parashorea,Parashorea_tomentella
N,unlogged,N13,45,DIPTEROCARPACEAE,Parashorea,Parashorea_malaanonan
N,unlogged,N14,37.5,CELASTRACEAE,Lophopetalum,Lophopetalum_beccarianum
N,unlogged,N15,70,DIPTEROCARPACEAE,Shorea,Shorea_falciferoides
N,unlogged,N16,40,POLYGALACEAE,Xanthophyllum,Xanthophyllum_ecarinatum
N,unlogged,N17,80,DIPTEROCARPACEAE,Parashorea,Parashorea_tomentella
N,unlogged,N18,30,MELIACEAE,Chisocheton,Chisocheton_sarawakanus
N,unlogged,N19,45,MELIACEAE,Aglaia,Aglaia_macrocarpa
N,unlogged,N20,40,MELIACEAE,Aglaia,Aglaia_macrocarpa
N,unlogged,N21,30,ANNONACEAE,Polyalthia,Polyalthia_sp.9
N,unlogged,N22,75,DIPTEROCARPACEAE,Shorea,Shorea_gibbosa
N,unlogged,N23,45,MYRTACEAE,Eugenia,Eugenia_sp.24
N,unlogged,N24,35,ALANGIACEAE,Alangium,Alangium_javanicum
N,unlogged,N25,45,LAURACEAE,Nothaphoebe,Nothaphoebe_umbelliflora
N,unlogged,N26,30,BURSERACEAE,Santiria,Santiria_tomentosa
N,unlogged,N27,45,LECYTHIDACEAE,Barringtonia,Barringtonia_sarcostachys
N,unlogged,N28,38.5,DIPTEROCARPACEAE,Parashorea,Parashorea_tomentella
N,unlogged,N29,90,DIPTEROCARPACEAE,Shorea,Shorea_faguetiana
N,unlogged,N30,38,DIPTEROCARPACEAE,Shorea,Shorea_leprosula
N,unlogged,N31,30,MELIACEAE,Chisocheton,Chisocheton_sarawakanus
N,unlogged,N32,38,EBENACEAE,Diospyros,Diospyros_frutescens
N,unlogged,N33,34.7,DIPTEROCARPACEAE,Shorea,Shorea_gibbosa
N,unlogged,N34,51.1,DIPTEROCARPACEAE,Parashorea,Parashorea_malaanonan
N,unlogged,N35,42.4,DIPTEROCARPACEAE,Shorea,Shorea_leprosula
N,unlogged,N36,30.7,MELIACEAE,Chisocheton,Chisocheton_ceramicus
N,unlogged,N37,40,MYRTACEAE,Eugenia,Eugenia_fastigiata
N,unlogged,N38,33.5,ALANGIACEAE,Alangium,Alangium_javanicum
N,unlogged,N39,56.1,DIPTEROCARPACEAE,Parashorea,Parashorea_malaanonan
N,unlogged,N40,35,MALVACEAE (STERCULIACEAE),Scaphium,Scaphium_macropodum
N,unlogged,N41,118.1,DIPTEROCARPACEAE,Parashorea,Parashorea_malaanonan
N,unlogged,N42,72,MELIACEAE,Chisocheton,Chisocheton_beccarianus
O,unlogged,O1,30,FAGACEAE,Castanopsis,Castanopsis_hypophoenicea
O,unlogged,O2,90,DIPTEROCARPACEAE,Shorea,Shorea_faguetiana
O,unlogged,O3,45,SAPINDACEAE,Nephelium,Nephelium_ramboutan-ake
O,unlogged,O4,35.6,MYRTACEAE,Eugenia,Eugenia_chrysantha
O,unlogged,O5,50,APOCYNACEAE,Alstonia,Alstonia_angustiloba
O,unlogged,O6,60,DIPTEROCARPACEAE,Parashorea,Parashorea_malaanonan
O,unlogged,O7,62,MALVACEAE (STERCULIACEAE),Sterculia,Sterculia_cordata
O,unlogged,O8,57.2,DIPTEROCARPACEAE,Parashorea,Parashorea_malaanonan
O,unlogged,O9,33,DIPTEROCARPACEAE,Shorea,Shorea_johorensis
O,unlogged,O10,42,DIPTEROCARPACEAE,Shorea,Shorea_symingtonii
O,unlogged,O11,40,MELIACEAE,Aglaia,Aglaia_silvestris
O,unlogged,O12,75,DIPTEROCARPACEAE,Parashorea,Parashorea_malaanonan
O,unlogged,O13,52.3,DIPTEROCARPACEAE,Shorea,Shorea_parvifolia
O,unlogged,O14,80,DIPTEROCARPACEAE,Shorea,Shorea_parvifolia
O,unlogged,O15,38.9,DIPTEROCARPACEAE,Parashorea,Parashorea_tomentella
O,unlogged,O16,45,MYRISTICACEAE,Myristica,Myristica_sp.1
O,unlogged,O17,95,DIPTEROCARPACEAE,Parashorea,Parashorea_malaanonan
O,unlogged,O18,45,DIPTEROCARPACEAE,Shorea,Shorea_gibbosa
O,unlogged,O19,45,FAGACEAE,Castanopsis,Castanopsis_motleyana
O,unlogged,O20,90,DIPTEROCARPACEAE,Parashorea,Parashorea_tomentella
O,unlogged,O21,39,DIPTEROCARPACEAE,Shorea,Shorea_parvifolia
O,unlogged,O22,31.5,MELIACEAE,Aglaia,Aglaia_elliptica
O,unlogged,O23,31,ALANGIACEAE,Alangium,Alangium_javanicum
O,unlogged,O24,50,DIPTEROCARPACEAE,Shorea,Shorea_parvifolia
O,unlogged,O25,36,POLYGALACEAE,Xanthophyllum,Xanthophyllum_affine
O,unlogged,O26,75,LAURACEAE,Litsea,Litsea_sp.4
O,unlogged,O27,50,MYRTACEAE,Eugenia,Eugenia_fastigiata
O,unlogged,O28,31,DIPTEROCARPACEAE,Parashorea,Parashorea_tomentella
O,unlogged,O29,90,DIPTEROCARPACEAE,Parashorea,Parashorea_tomentella
O,unlogged,O30,36.5,BURSERACEAE,Canarium,Canarium_denticulatum
O,unlogged,O31,31,DIPTEROCARPACEAE,Parashorea,Parashorea_malaanonan
O,unlogged,O32,41.4,DIPTEROCARPACEAE,Parashorea,Parashorea_tomentella
O,unlogged,O33,80,DIPTEROCARPACEAE,Shorea,Shorea_parvifolia
O,unlogged,O34,40,DIPTEROCARPACEAE,Parashorea,Parashorea_tomentella
O,unlogged,O35,45,DIPTEROCARPACEAE,Shorea,Shorea_johorensis
O,unlogged,O36,70,DIPTEROCARPACEAE,Parashorea,Parashorea_tomentella
O,unlogged,O37,100,DIPTEROCARPACEAE,Parashorea,Parashorea_tomentella
P,unlogged,P1,80,DIPTEROCARPACEAE,Shorea,Shorea_parvifolia
P,unlogged,P2,80,DIPTEROCARPACEAE,Parashorea,Parashorea_malaanonan
P,unlogged,P3,51.1,ANNONACEAE,Polyalthia,Polyalthia_rumphii
P,unlogged,P4,65,DIPTEROCARPACEAE,Shorea,Shorea_gibbosa
P,unlogged,P5,80,DIPTEROCARPACEAE,Parashorea,Parashorea_tomentella
P,unlogged,P6,50,DIPTEROCARPACEAE,Parashorea,Parashorea_tomentella
P,unlogged,P7,45,DIPTEROCARPACEAE,Parashorea,Parashorea_malaanonan
P,unlogged,P8,56.9,DIPTEROCARPACEAE,Dryobalanops,Dryobalanops_lanceolata
P,unlogged,P9,50,MALVACEAE (TILIACEAE),Pentace,Pentace_laxiflora
P,unlogged,P10,47,FABACEAE (LEGUMINOSAE),Sympetalandra,Sympetalandra_borneensis
P,unlogged,P11,55,DIPTEROCARPACEAE,Shorea,Shorea_leprosula
P,unlogged,P12,49.6,DIPTEROCARPACEAE,Dryobalanops,Dryobalanops_lanceolata
P,unlogged,P13,90,DIPTEROCARPACEAE,Shorea,Shorea_johorensis
P,unlogged,P14,71.8,DIPTEROCARPACEAE,Dryobalanops,Dryobalanops_lanceolata
P,unlogged,P15,38.6,DIPTEROCARPACEAE,Dryobalanops,Dryobalanops_lanceolata
P,unlogged,P16,92.5,DIPTEROCARPACEAE,Shorea,Shorea_johorensis
P,unlogged,P17,40,MALVACEAE (TILIACEAE),Pentace,Pentace_laxiflora
P,unlogged,P18,37,RUBIACEAE,Ludekia,Ludekia_borneensis
P,unlogged,P19,80,DIPTEROCARPACEAE,Parashorea,Parashorea_malaanonan
P,unlogged,P20,76.5,DIPTEROCARPACEAE,Shorea,Shorea_johorensis
P,unlogged,P21,65,MORACEAE,Ficus,Ficus_sp.3
P,unlogged,P22,80,DIPTEROCARPACEAE,Shorea,Shorea_johorensis
P,unlogged,P23,44,DIPTEROCARPACEAE,Parashorea,Parashorea_malaanonan
P,unlogged,P24,45,DIPTEROCARPACEAE,Parashorea,Parashorea_malaanonan
P,unlogged,P25,35,EBENACEAE,Diospyros,Diospyros_macrophylla
P,unlogged,P26,45,DIPTEROCARPACEAE,Shorea,Shorea_parvifolia
P,unlogged,P27,80,DIPTEROCARPACEAE,Shorea,Shorea_agami
P,unlogged,P28,60,DIPTEROCARPACEAE,Shorea,Shorea_johorensis
P,unlogged,P29,30,OLEACEAE,Chionanthus,Chionanthus_pluriflorus
P,unlogged,P30,70,DIPTEROCARPACEAE,Shorea,Shorea_johorensis
P,unlogged,P31,90,DIPTEROCARPACEAE,Shorea,Shorea_pauciflora
P,unlogged,P32,70,DIPTEROCARPACEAE,Shorea,Shorea_pauciflora
P,unlogged,P33,40,EBENACEAE,Diospyros,Diospyros_macrophylla
P,unlogged,P34,60,DIPTEROCARPACEAE,Shorea,Shorea_johorensis
P,unlogged,P35,100,FABACEAE (LEGUMINOSAE),Koompassia,Koompassia_excelsa
P,unlogged,P36,55,FABACEAE (LEGUMINOSAE),Sympetalandra,Sympetalandra_borneensis
P,unlogged,P37,43,DIPTEROCARPACEAE,Shorea,Shorea_johorensis
P,unlogged,P38,61,DIPTEROCARPACEAE,Shorea,Shorea_parvifolia
P,unlogged,P39,30,FAGACEAE,Castanopsis,Castanopsis_hypophoenicea
P,unlogged,P40,36.9,DIPTEROCARPACEAE,Shorea,Shorea_johorensis
P,unlogged,P41,30,MORACEAE,Artocarpus,Artocarpus_dadak
Q,unlogged,Q1,47,DIPTEROCARPACEAE,Shorea,Shorea_parvifolia
Q,unlogged,Q2,34.8,MYRTACEAE,Eugenia,Eugenia_sp.6
Q,unlogged,Q3,35.1,DIPTEROCARPACEAE,Parashorea,Parashorea_malaanonan
Q,unlogged,Q4,74.7,DIPTEROCARPACEAE,Parashorea,Parashorea_tomentella
Q,unlogged,Q5,88.1,DIPTEROCARPACEAE,Shorea,Shorea_gibbosa
Q,unlogged,Q6,109.1,DIPTEROCARPACEAE,Parashorea,Parashorea_malaanonan
Q,unlogged,Q7,116.1,DIPTEROCARPACEAE,Parashorea,Parashorea_malaanonan
Q,unlogged,Q8,43.9,DIPTEROCARPACEAE,Parashorea,Parashorea_malaanonan
Q,unlogged,Q9,46.9,EBENACEAE,Diospyros,Diospyros_macrophylla
Q,unlogged,Q10,48,DIPTEROCARPACEAE,Shorea,Shorea_parvifolia
Q,unlogged,Q11,31.8,DIPTEROCARPACEAE,Parashorea,Parashorea_tomentella
Q,unlogged,Q12,102.1,DIPTEROCARPACEAE,Shorea,Shorea_gibbosa
Q,unlogged,Q13,68.2,DIPTEROCARPACEAE,Parashorea,Parashorea_tomentella
Q,unlogged,Q14,65.7,DIPTEROCARPACEAE,Parashorea,Parashorea_tomentella
Q,unlogged,Q15,38.3,DIPTEROCARPACEAE,Parashorea,Parashorea_tomentella
Q,unlogged,Q16,83.9,DIPTEROCARPACEAE,Shorea,Shorea_johorensis
Q,unlogged,Q17,39.1,DIPTEROCARPACEAE,Shorea,Shorea_parvifolia
Q,unlogged,Q18,33.3,BURSERACEAE,Canarium,Canarium_denticulatum
Q,unlogged,Q19,30.6,DIPTEROCARPACEAE,Parashorea,Parashorea_tomentella
Q,unlogged,Q20,33.3,SAPINDACEAE,Nephelium,Nephelium_ramboutan-ake
Q,unlogged,Q21,34.8,ALANGIACEAE,Alangium,Alangium_javanicum
Q,unlogged,Q22,33.9,DIPTEROCARPACEAE,Parashorea,Parashorea_malaanonan
Q,unlogged,Q23,51.3,DIPTEROCARPACEAE,Parashorea,Parashorea_tomentella
Q,unlogged,Q24,43.5,ALANGIACEAE,Alangium,Alangium_javanicum
Q,unlogged,Q25,30.1,ALANGIACEAE,Alangium,Alangium_javanicum
Q,unlogged,Q26,32.9,ANNONACEAE,Polyalthia,Polyalthia_rumphii
Q,unlogged,Q27,31.3,RUBIACEAE,Canthium,Canthium_sp.1
Q,unlogged,Q28,47.3,MELIACEAE,Chisocheton,Chisocheton_granatum
Q,unlogged,Q29,91.1,DIPTEROCARPACEAE,Shorea,Shorea_argentifolia
Q,unlogged,Q30,32.6,RUBIACEAE,Canthium,Canthium_sp.1
Q,unlogged,Q31,30,MELIACEAE,Aglaia,Aglaia_silvestris
Q,unlogged,Q32,37.4,EBENACEAE,Diospyros,Diospyros_macrophylla
Q,unlogged,Q33,30.9,DIPTEROCARPACEAE,Shorea,Shorea_gibbosa
Q,unlogged,Q34,62.7,DIPTEROCARPACEAE,Parashorea,Parashorea_tomentella
Q,unlogged,Q35,43.6,DIPTEROCARPACEAE,Parashorea,Parashorea_tomentella
Q,unlogged,Q36,97,SAPINDACEAE,Pometia,Pometia_pinnata
Q,unlogged,Q37,34.8,DIPTEROCARPACEAE,Parashorea,Parashorea_tomentella
Q,unlogged,Q38,51.3,CHRYSOBALANACEAE,Parinari,Parinari_oblongifolia
Q,unlogged,Q39,95.9,DIPTEROCARPACEAE,Shorea,Shorea_parvifolia
Q,unlogged,Q40,58.7,CHRYSOBALANACEAE,Parinari,Parinari_oblongifolia
Q,unlogged,Q41,79.4,DIPTEROCARPACEAE,Shorea,Shorea_parvifolia
Q,unlogged,Q42,42.2,MALVACEAE (TILIACEAE),Microcos,Microcos_crassifolia
Q,unlogged,Q43,96.9,DIPTEROCARPACEAE,Parashorea,Parashorea_tomentella
Q,unlogged,Q44,43.11,SAPINDACEAE,Nephelium,Nephelium_ramboutan-ake
Q,unlogged,Q45,47.4,SAPINDACEAE,Dimocarpus,Dimocarpus_longan
Q,unlogged,Q46,110.5,FABACEAE (LEGUMINOSAE),Koompassia,Koompassia_excelsa
Q,unlogged,Q47,30.6,MYRTACEAE,Eugenia,Eugenia_fastigiata
Q,unlogged,Q48,58.7,DIPTEROCARPACEAE,Parashorea,Parashorea_tomentella
Q,unlogged,Q49,55.3,MORACEAE,Artocarpus,Artocarpus_anisophyllus
Q,unlogged,Q50,35.3,FAGACEAE,Lithocarpus,Lithocarpus_leptogyne
Q,unlogged,Q51,56.7,FABACEAE (LEGUMINOSAE),Dialium,Dialium_indum
Q,unlogged,Q52,108.7,DIPTEROCARPACEAE,Shorea,Shorea_gibbosa
Q,unlogged,Q53,48.9,FABACEAE (LEGUMINOSAE),Dialium,Dialium_hydnocarpoides
Q,unlogged,Q54,136.6,FABACEAE (LEGUMINOSAE),Koompassia,Koompassia_excelsa
Q,unlogged,Q55,37.1,MELIACEAE,Aglaia,Aglaia_silvestris
R,unlogged,R1,80,DIPTEROCARPACEAE,Parashorea,Parashorea_tomentella
R,unlogged,R2,46.5,CELASTRACEAE,Lophopetalum,Lophopetalum_beccarianum
R,unlogged,R3,75,DIPTEROCARPACEAE,Shorea,Shorea_parvifolia
R,unlogged,R4,45,MYRTACEAE,Eugenia,Eugenia_fastigiata
R,unlogged,R5,31.6,CELASTRACEAE,Lophopetalum,Lophopetalum_beccarianum
R,unlogged,R6,100,DIPTEROCARPACEAE,Shorea,Shorea_argentifolia
R,unlogged,R7,95,DIPTEROCARPACEAE,Shorea,Shorea_johorensis
R,unlogged,R8,33.7,MYRISTICACEAE,Knema,Knema_laurina
R,unlogged,R9,50,VERBENACEAE (LAMIACEAE),Vitex,Vitex_qurmaea
R,unlogged,R10,40,DIPTEROCARPACEAE,Shorea,Shorea_johorensis
R,unlogged,R11,44.9,DIPTEROCARPACEAE,Shorea,Shorea_parvifolia
R,unlogged,R12,38,SALICACEAE (FLACOURTIACEAE),Hydnocarpus,Hydnocarpus_woodii
R,unlogged,R13,40,FAGACEAE,Lithocarpus,Lithocarpus_gracilis
R,unlogged,R14,65,DIPTEROCARPACEAE,Shorea,Shorea_leprosula
R,unlogged,R15,35,DIPTEROCARPACEAE,Hopea,Hopea_nervosa
R,unlogged,R16,32.2,MALVACEAE (STERCULIACEAE),Pterospermum,Pterospermum_stapfianum
R,unlogged,R17,75,DIPTEROCARPACEAE,Shorea,Shorea_johorensis
R,unlogged,R18,32.3,CELASTRACEAE,Lophopetalum,Lophopetalum_beccarianum
R,unlogged,R19,75,DIPTEROCARPACEAE,Shorea,Shorea_johorensis
R,unlogged,R20,49.5,DIPTEROCARPACEAE,Hopea,Hopea_nervosa
R,unlogged,R21,30,DIPTEROCARPACEAE,Hopea,Hopea_nervosa
R,unlogged,R22,40,SALICACEAE (FLACOURTIACEAE),Hydnocarpus,Hydnocarpus_woodii
R,unlogged,R23,65,DIPTEROCARPACEAE,Parashorea,Parashorea_malaanonan
R,unlogged,R24,50,DIPTEROCARPACEAE,Shorea,Shorea_johorensis
R,unlogged,R25,85,DIPTEROCARPACEAE,Parashorea,Parashorea_malaanonan
R,unlogged,R26,35,MYRTACEAE,Eugenia,Eugenia_sp.1
R,unlogged,R27,100,DIPTEROCARPACEAE,Parashorea,Parashorea_malaanonan
R,unlogged,R28,48.6,FAGACEAE,Lithocarpus,Lithocarpus_gracilis
R,unlogged,R29,40,MELIACEAE,Chisocheton,Chisocheton_sarawakanus
R,unlogged,R30,42.3,DIPTEROCARPACEAE,Parashorea,Parashorea_tomentella
R,unlogged,R31,45.1,CELASTRACEAE,Lophopetalum,Lophopetalum_beccarianum
R,unlogged,R32,36.3,RHAMNACEAE,Zizyphus,Zizyphus_angustifolius
R,unlogged,R33,100,FABACEAE (LEGUMINOSAE),Koompassia,Koompassia_excelsa
R,unlogged,R34,75,DIPTEROCARPACEAE,Hopea,Hopea_nervosa
R,unlogged,R35,40,SAPINDACEAE,Pometia,Pometia_pinnata
R,unlogged,R36,37,EBENACEAE,Diospyros,Diospyros_frutescens
R,unlogged,R37,80,DIPTEROCARPACEAE,Shorea,Shorea_johorensis
R,unlogged,R38,47.6,DIPTEROCARPACEAE,Shorea,Shorea_johorensis
R,unlogged,R39,36.6,CELASTRACEAE,Lophopetalum,Lophopetalum_beccarianum
R,unlogged,R40,32.2,CELASTRACEAE,Lophopetalum,Lophopetalum_beccarianum
R,unlogged,R41,32.1,MALVACEAE (STERCULIACEAE),Pterospermum,Pterospermum_stapfianum
S,unlogged,S1,30.8,BURSERACEAE,Canarium,Canarium_odontophyllum
S,unlogged,S2,60,DIPTEROCARPACEAE,Shorea,Shorea_johorensis
S,unlogged,S3,33.2,EBENACEAE,Diospyros,Diospyros_macrophylla
S,unlogged,S4,34.4,DIPTEROCARPACEAE,Parashorea,Parashorea_tomentella
S,unlogged,S5,75,DIPTEROCARPACEAE,Shorea,Shorea_johorensis
S,unlogged,S6,35,EBENACEAE,Diospyros,Diospyros_macrophylla
S,unlogged,S7,130,DIPTEROCARPACEAE,Shorea,Shorea_pauciflora
S,unlogged,S8,55,RUBIACEAE,Ludekia,Ludekia_borneensis
S,unlogged,S9,39.5,OLEACEAE,Chionanthus,Chionanthus_pluriflorus
S,unlogged,S10,65,DIPTEROCARPACEAE,Shorea,Shorea_johorensis
S,unlogged,S11,80,DIPTEROCARPACEAE,Shorea,Shorea_johorensis
S,unlogged,S12,30,SAPINDACEAE,Nephelium,Nephelium_maingayi
S,unlogged,S13,57.6,DIPTEROCARPACEAE,Shorea,Shorea_johorensis
S,unlogged,S14,78,DIPTEROCARPACEAE,Shorea,Shorea_johorensis
S,unlogged,S15,30.9,THYMELAEACEAE,Aquilaria,Aquilaria_malaccensis
S,unlogged,S16,100,DIPTEROCARPACEAE,Shorea,Shorea_johorensis
S,unlogged,S17,32.5,SAPINDACEAE,Nephelium,Nephelium_ramboutan-ake
S,unlogged,S18,55,DIPTEROCARPACEAE,Parashorea,Parashorea_malaanonan
S,unlogged,S19,31,MELIACEAE,Aglaia,Aglaia_silvestris
S,unlogged,S20,46.5,DIPTEROCARPACEAE,Shorea,Shorea_johorensis
S,unlogged,S21,56,DIPTEROCARPACEAE,Parashorea,Parashorea_malaanonan
S,unlogged,S22,33.2,DIPTEROCARPACEAE,Shorea,Shorea_johorensis
S,unlogged,S23,70,DIPTEROCARPACEAE,Shorea,Shorea_parvifolia
S,unlogged,S24,34.5,OLEACEAE,Chionanthus,Chionanthus_pluriflorus
S,unlogged,S25,35,DIPTEROCARPACEAE,Shorea,Shorea_johorensis
S,unlogged,S26,31,DIPTEROCARPACEAE,Shorea,Shorea_johorensis
S,unlogged,S27,36,DIPTEROCARPACEAE,Parashorea,Parashorea_malaanonan
S,unlogged,S28,54,DIPTEROCARPACEAE,Parashorea,Parashorea_malaanonan
S,unlogged,S29,145,DIPTEROCARPACEAE,Shorea,Shorea_johorensis
S,unlogged,S30,50,FABACEAE (LEGUMINOSAE),Peltophorum,Peltophorum_racemosum
S,unlogged,S31,32.5,OLEACEAE,Chionanthus,Chionanthus_pluriflorus
S,unlogged,S32,40,DIPTEROCARPACEAE,Shorea,Shorea_johorensis
S,unlogged,S33,100,DIPTEROCARPACEAE,Shorea,Shorea_johorensis
S,unlogged,S34,55.5,DIPTEROCARPACEAE,Parashorea,Parashorea_malaanonan
S,unlogged,S35,32.2,DIPTEROCARPACEAE,Parashorea,Parashorea_malaanonan
S,unlogged,S36,95,DIPTEROCARPACEAE,Shorea,Shorea_johorensis
S,unlogged,S37,40.5,DIPTEROCARPACEAE,Shorea,Shorea_johorensis
S,unlogged,S38,69,DIPTEROCARPACEAE,Shorea,Shorea_johorensis
S,unlogged,S39,45,EBENACEAE,Diospyros,Diospyros_macrophylla
S,unlogged,S40,44.4,DIPTEROCARPACEAE,Shorea,Shorea_johorensis
S,unlogged,S41,70,MALVACEAE (BOMBACACEAE),Durio,Durio_kutejensis
S,unlogged,S42,80,DIPTEROCARPACEAE,Shorea,Shorea_johorensis
S,unlogged,S43,40.6,FAGACEAE,Castanopsis,Castanopsis_motleyana
S,unlogged,S44,45,DIPTEROCARPACEAE,Shorea,Shorea_johorensis
S,unlogged,S45,34.1,DIPTEROCARPACEAE,Parashorea,Parashorea_malaanonan
S,unlogged,S46,90,DIPTEROCARPACEAE,Shorea,Shorea_johorensis
S,unlogged,S47,55,DIPTEROCARPACEAE,Shorea,Shorea_gibbosa
S,unlogged,S48,40,BURSERACEAE,Canarium,Canarium_denticulatum
T,unlogged,T1,46.1,EBENACEAE,Diospyros,Diospyros_macrophylla
T,unlogged,T2,31.9,LAURACEAE,Eusideroxylon,Eusideroxylon_zwageri
T,unlogged,T3,36,EUPHORBIACEAE,Glochidion,Glochidion_rubrum
T,unlogged,T4,40.6,SAPINDACEAE,Nephelium,Nephelium_ramboutan-ake
T,unlogged,T5,32.5,DIPTEROCARPACEAE,Shorea,Shorea_faguetiana
T,unlogged,T6,67.3,COMBRETACEAE,Terminalia,Terminalia_subspathulata
T,unlogged,T7,36.2,EBENACEAE,Diospyros,Diospyros_macrophylla
T,unlogged,T8,111,DIPTEROCARPACEAE,Shorea,Shorea_johorensis
T,unlogged,T9,40.2,EBENACEAE,Diospyros,Diospyros_macrophylla
T,unlogged,T10,53,MALVACEAE (TILIACEAE),Microcos,Microcos_crassifolia
T,unlogged,T11,143.3,FABACEAE (LEGUMINOSAE),Koompassia,Koompassia_excelsa
T,unlogged,T12,51,LAURACEAE,Eusideroxylon,Eusideroxylon_zwageri
T,unlogged,T13,36.1,DILLENIACEAE,Dillenia,Dillenia_excelsa
T,unlogged,T14,72,DIPTEROCARPACEAE,Shorea,Shorea_fallax
T,unlogged,T15,33.2,MALVACEAE (STERCULIACEAE),Scaphium,Scaphium_macropodum
T,unlogged,T16,55,LAURACEAE,Eusideroxylon,Eusideroxylon_zwageri
T,unlogged,T17,55.9,LAURACEAE,Eusideroxylon,Eusideroxylon_zwageri
T,unlogged,T18,43.6,EBENACEAE,Diospyros,Diospyros_sp.3
T,unlogged,T19,50,DIPTEROCARPACEAE,Shorea,Shorea_johorensis
T,unlogged,T20,55.5,DIPTEROCARPACEAE,Shorea,Shorea_fallax
T,unlogged,T21,37.3,SAPINDACEAE,Nephelium,Nephelium_ramboutan-ake
T,unlogged,T22,35.1,DIPTEROCARPACEAE,Shorea,Shorea_faguetiana
T,unlogged,T23,43.7,LAURACEAE,Eusideroxylon,Eusideroxylon_zwageri
T,unlogged,T24,59.5,LAURACEAE,Eusideroxylon,Eusideroxylon_zwageri
T,unlogged,T25,72,DIPTEROCARPACEAE,Shorea,Shorea_leprosula
T,unlogged,T26,33.1,EBENACEAE,Diospyros,Diospyros_macrophylla
T,unlogged,T27,33.6,DIPTEROCARPACEAE,Shorea,Shorea_faguetiana
T,unlogged,T28,55.5,DIPTEROCARPACEAE,Dipterocarpus,Dipterocarpus_applanatus
T,unlogged,T29,50,DIPTEROCARPACEAE,Dryobalanops,Dryobalanops_lanceolata
T,unlogged,T30,48.8,LAURACEAE,Eusideroxylon,Eusideroxylon_zwageri
T,unlogged,T31,56.7,DIPTEROCARPACEAE,Dipterocarpus,Dipterocarpus_applanatus
T,unlogged,T32,39,MALVACEAE (TILIACEAE),Microcos,Microcos_crassifolia
T,unlogged,T33,34.1,LAURACEAE,Eusideroxylon,Eusideroxylon_zwageri
T,unlogged,T34,53.8,SAPINDACEAE,Pometia,Pometia_pinnata
T,unlogged,T35,41.9,MALVACEAE (TILIACEAE),Pentace,Pentace_laxiflora
T,unlogged,T36,53,LAURACEAE,Eusideroxylon,Eusideroxylon_zwageri
T,unlogged,T37,44,DIPTEROCARPACEAE,Shorea,Shorea_leprosula
T,unlogged,T38,43,DIPTEROCARPACEAE,Shorea,Shorea_leprosula
T,unlogged,T39,49.6,LAURACEAE,Eusideroxylon,Eusideroxylon_zwageri
T,unlogged,T40,42.2,SAPINDACEAE,Nephelium,Nephelium_ramboutan-ake
T,unlogged,T41,36,SAPINDACEAE,Nephelium,Nephelium_ramboutan-ake
T,unlogged,T42,31,THYMELAEACEAE,Gonystylus,Gonystylus_affinis
T,unlogged,T43,31.4,THYMELAEACEAE,Gonystylus,Gonystylus_affinis
T,unlogged,T44,40.1,LECYTHIDACEAE (MYRTACEAE),Planchonia,Planchonia_valida
T,unlogged,T45,92.1,DIPTEROCARPACEAE,Shorea,Shorea_pauciflora
T,unlogged,T46,113,DIPTEROCARPACEAE,Shorea,Shorea_johorensis
T,unlogged,T47,76,DIPTEROCARPACEAE,Shorea,Shorea_faguetiana
T,unlogged,T48,41.2,DIPTEROCARPACEAE,Shorea,Shorea_symingtonii
T,unlogged,T49,43.1,LAURACEAE,Eusideroxylon,Eusideroxylon_zwageri
T,unlogged,T50,34,DIPTEROCARPACEAE,Shorea,Shorea_leprosula
T,unlogged,T51,33.7,LAURACEAE,Beilschmiedia,Beilschmiedia_micrantha
T,unlogged,T52,47.2,LAURACEAE,Eusideroxylon,Eusideroxylon_zwageri
T,unlogged,T53,40.3,DIPTEROCARPACEAE,Shorea,Shorea_fallax
T,unlogged,T54,51,LAURACEAE,Eusideroxylon,Eusideroxylon_zwageri
T,unlogged,T55,113.5,DIPTEROCARPACEAE,Shorea,Shorea_johorensis
T,unlogged,T56,68.8,LAURACEAE,Eusideroxylon,Eusideroxylon_zwageri
T,unlogged,T57,65.6,LAURACEAE,Eusideroxylon,Eusideroxylon_zwageri
T,unlogged,T58,168.1,DIPTEROCARPACEAE,Shorea,Shorea_johorensis
T,unlogged,T59,47.1,LAURACEAE,Eusideroxylon,Eusideroxylon_zwageri
T,unlogged,T60,45.1,EBENACEAE,Diospyros,Diospyros_macrophylla
T,unlogged,T61,36.9,MELIACEAE,Reinwardtiodendron,Reinwardtiodendron_humile
T,unlogged,T62,52.6,EBENACEAE,Diospyros,Diospyros_macrophylla
T,unlogged,T63,50.9,LAURACEAE,Eusideroxylon,Eusideroxylon_zwageri
T,unlogged,T64,168.1,FABACEAE (LEGUMINOSAE),Koompassia,Koompassia_excelsa
T,unlogged,T65,50.4,LAURACEAE,Eusideroxylon,Eusideroxylon_zwageri
T,unlogged,T66,75.1,LAURACEAE,Eusideroxylon,Eusideroxylon_zwageri
T,unlogged,T67,81.6,DIPTEROCARPACEAE,Shorea,Shorea_fallax
T,unlogged,T68,74.2,DIPTEROCARPACEAE,Shorea,Shorea_johorensis
T,unlogged,T69,45,EBENACEAE,Diospyros,Diospyros_macrophylla
T,unlogged,T70,30,DIPTEROCARPACEAE,Parashorea,Parashorea_malaanonan
T,unlogged,T71,47.5,LAURACEAE,Eusideroxylon,Eusideroxylon_zwageri
